{
    "name": "rrel_entity",
    "roles": [
        "rrel_entity"
    ],
    "lookups": [
        "free-text",
        "keywords"
    ],
    "keywords": [
        {
            "keyword": "1 \u043b\u0430\u0431\u0435",
            "synonyms": [
                "1 \u043b\u0430\u0431\u0435"
            ]
        },
        {
            "keyword": "1 \u043b\u0430\u0431\u044b",
            "synonyms": [
                "1 \u043b\u0430\u0431\u044b"
            ]
        },
        {
            "keyword": "1 \u043b\u0440",
            "synonyms": [
                "1 \u043b\u0440"
            ]
        },
        {
            "keyword": "2 \u043b\u0430\u0431\u0435",
            "synonyms": [
                "2 \u043b\u0430\u0431\u0435"
            ]
        },
        {
            "keyword": "2 \u043b\u0430\u0431\u044b",
            "synonyms": [
                "2 \u043b\u0430\u0431\u044b"
            ]
        },
        {
            "keyword": "2 \u043b\u0440",
            "synonyms": [
                "2 \u043b\u0440"
            ]
        },
        {
            "keyword": "3 \u043b\u0430\u0431\u0435",
            "synonyms": [
                "3 \u043b\u0430\u0431\u0435"
            ]
        },
        {
            "keyword": "3 \u043b\u0430\u0431\u044b",
            "synonyms": [
                "3 \u043b\u0430\u0431\u044b"
            ]
        },
        {
            "keyword": "3 \u043b\u0440",
            "synonyms": [
                "3 \u043b\u0440"
            ]
        },
        {
            "keyword": "4 \u043b\u0430\u0431\u0435",
            "synonyms": [
                "4 \u043b\u0430\u0431\u0435"
            ]
        },
        {
            "keyword": "4 \u043b\u0430\u0431\u044b",
            "synonyms": [
                "4 \u043b\u0430\u0431\u044b"
            ]
        },
        {
            "keyword": "4 \u043b\u0440",
            "synonyms": [
                "4 \u043b\u0440"
            ]
        },
        {
            "keyword": "NIKA",
            "synonyms": [
                "nika"
            ]
        },
        {
            "keyword": "\u0411\u0435\u043b\u0430\u0440\u0443\u0441",
            "synonyms": [
                "\u0411\u0435\u043b\u0430\u0440\u0443\u0441"
            ]
        },
        {
            "keyword": "\u0411\u0435\u043b\u0430\u0440\u0443\u0441\u044c",
            "synonyms": [
                "\u0411\u0435\u043b\u0430\u0440\u0443\u0441",
                "\u0411\u0435\u043b\u0430\u0440\u0443\u0441\u044c",
                "\u0431\u0435\u043b\u0430\u0440\u0443\u0441\u0438"
            ]
        },
        {
            "keyword": "\u0411\u0440\u0435\u0441\u0442",
            "synonyms": [
                "\u0411\u0440\u0435\u0441\u0442"
            ]
        },
        {
            "keyword": "\u0418\u0434\u0435\u043d\u0442\u0438\u0444\u0438\u043a\u0430\u0442\u043e\u0440",
            "synonyms": [
                "\u0418\u0434\u0435\u043d\u0442\u0438\u0444\u0438\u043a\u0430\u0442\u043e\u0440"
            ]
        },
        {
            "keyword": "\u041b\u0430\u0431\u043e\u0440\u0430\u0442\u043e\u0440\u043d\u0430\u044f \u0440\u0430\u0431\u043e\u0442\u0430 \u21161",
            "synonyms": [
                "1 \u043b\u0430\u0431\u0435",
                "1 \u043b\u0430\u0431\u044b",
                "1 \u043b\u0440",
                "\u041b\u0430\u0431\u043e\u0440\u0430\u0442\u043e\u0440\u043d\u0430\u044f \u0440\u0430\u0431\u043e\u0442\u0430 \u21161",
                "\u041b\u0430\u0431\u043e\u0440\u0430\u0442\u043e\u0440\u043d\u043e\u0439 \u0440\u0430\u0431\u043e\u0442\u044b \u21161",
                "\u043b\u0430\u0431\u0435 1",
                "\u043b\u0430\u0431\u043e\u0440\u0430\u0442\u043e\u0440\u043d\u043e\u0439 \u0440\u0430\u0431\u043e\u0442\u0435 \u21161",
                "\u043b\u0430\u0431\u043e\u0440\u0430\u0442\u043e\u0440\u043d\u043e\u0439 \u21161",
                "\u043b\u0430\u0431\u044b 1",
                "\u043f\u0435\u0440\u0432\u043e\u0439 \u043b\u0430\u0431",
                "\u043f\u0435\u0440\u0432\u043e\u0439 \u043b\u0430\u0431\u0435",
                "\u043f\u0435\u0440\u0432\u043e\u0439 \u043b\u0430\u0431\u043e\u0440\u0430\u0442\u043e\u0440\u043d\u043e\u0439",
                "\u043f\u0435\u0440\u0432\u043e\u0439 \u043b\u0430\u0431\u044b",
                "\u043f\u0435\u0440\u0432\u0443\u044e \u043b\u0430\u0431\u043e\u0440\u0430\u0442\u043e\u0440\u043d\u0443\u044e",
                "\u043f\u0435\u0440\u0432\u0443\u044e \u043b\u0430\u0431\u0443",
                "\u043f\u0435\u0440\u0432\u0443\u044e \u043b\u0440"
            ]
        },
        {
            "keyword": "\u041b\u0430\u0431\u043e\u0440\u0430\u0442\u043e\u0440\u043d\u0430\u044f \u0440\u0430\u0431\u043e\u0442\u0430 \u21162",
            "synonyms": [
                "2 \u043b\u0430\u0431\u0435",
                "2 \u043b\u0430\u0431\u044b",
                "2 \u043b\u0440",
                "\u041b\u0430\u0431\u043e\u0440\u0430\u0442\u043e\u0440\u043d\u0430\u044f \u0440\u0430\u0431\u043e\u0442\u0430 \u21162",
                "\u0432\u0442\u043e\u0440\u043e\u0439 \u043b\u0430\u0431\u0435",
                "\u0432\u0442\u043e\u0440\u043e\u0439 \u043b\u0430\u0431\u043e\u0440\u0430\u0442\u043e\u0440\u043d\u043e\u0439 \u0440\u0430\u0431\u043e\u0442\u0435",
                "\u0432\u0442\u043e\u0440\u043e\u0439 \u043b\u0430\u0431\u044b",
                "\u0432\u0442\u043e\u0440\u0443\u044e \u043b\u0430\u0431\u0443",
                "\u0432\u0442\u043e\u0440\u0443\u044e \u043b\u0440",
                "\u043b\u0430\u0431\u0435 2"
            ]
        },
        {
            "keyword": "\u041b\u0430\u0431\u043e\u0440\u0430\u0442\u043e\u0440\u043d\u0430\u044f \u0440\u0430\u0431\u043e\u0442\u0430 \u21163",
            "synonyms": [
                "3 \u043b\u0430\u0431\u0435",
                "3 \u043b\u0430\u0431\u044b",
                "3 \u043b\u0440",
                "\u041b\u0430\u0431\u043e\u0440\u0430\u0442\u043e\u0440\u043d\u0430\u044f \u0440\u0430\u0431\u043e\u0442\u0430 \u21163",
                "\u043b\u0430\u0431\u0435 3",
                "\u043b\u0430\u0431\u043e\u0440\u0430\u0442\u043e\u0440\u043d\u043e\u0439 \u0440\u0430\u0431\u043e\u0442\u0435 \u21163",
                "\u0442\u0440\u0435\u0442\u044c\u0435\u0439 \u043b\u0430\u0431\u0435",
                "\u0442\u0440\u0435\u0442\u044c\u0435\u0439 \u043b\u0430\u0431\u043e\u0440\u0430\u0442\u043e\u0440\u043d\u043e\u0439 \u0440\u0430\u0431\u043e\u0442\u044b",
                "\u0442\u0440\u0435\u0442\u044c\u0435\u0439 \u043b\u0430\u0431\u044b",
                "\u0442\u0440\u0435\u0442\u044c\u044e \u043b\u0430\u0431\u0443",
                "\u0442\u0440\u0435\u0442\u044c\u044e \u043b\u0440"
            ]
        },
        {
            "keyword": "\u041b\u0430\u0431\u043e\u0440\u0430\u0442\u043e\u0440\u043d\u0430\u044f \u0440\u0430\u0431\u043e\u0442\u0430 \u21164",
            "synonyms": [
                "4 \u043b\u0430\u0431\u0435",
                "4 \u043b\u0430\u0431\u044b",
                "4 \u043b\u0440",
                "\u041b\u0430\u0431\u043e\u0440\u0430\u0442\u043e\u0440\u043d\u0430\u044f \u0440\u0430\u0431\u043e\u0442\u0430 \u21164",
                "\u043b\u0430\u0431\u0435 4",
                "\u0447\u0435\u0442\u0432\u0435\u0440\u0442\u043e\u0439 \u043b\u0430\u0431\u0435",
                "\u0447\u0435\u0442\u0432\u0435\u0440\u0442\u043e\u0439 \u043b\u0430\u0431\u043e\u0440\u0430\u0442\u043e\u0440\u043d\u043e\u0439 \u0440\u0430\u0431\u043e\u0442\u044b",
                "\u0447\u0435\u0442\u0432\u0435\u0440\u0442\u0443\u044e \u043b\u0430\u0431\u0443",
                "\u0447\u0435\u0442\u0432\u0435\u0440\u0442\u0443\u044e \u043b\u0440"
            ]
        },
        {
            "keyword": "\u041b\u0430\u0431\u043e\u0440\u0430\u0442\u043e\u0440\u043d\u043e\u0439 \u0440\u0430\u0431\u043e\u0442\u044b \u21161",
            "synonyms": [
                "\u041b\u0430\u0431\u043e\u0440\u0430\u0442\u043e\u0440\u043d\u043e\u0439 \u0440\u0430\u0431\u043e\u0442\u044b \u21161"
            ]
        },
        {
            "keyword": "\u041c\u0438\u043d\u0441\u043a",
            "synonyms": [
                "\u041c\u0438\u043d\u0441\u043a"
            ]
        },
        {
            "keyword": "\u041c\u043e\u0441\u043a\u0432\u0430",
            "synonyms": [
                "\u041c\u043e\u0441\u043a\u0432\u0430"
            ]
        },
        {
            "keyword": "\u041d\u0438\u043a\u0430",
            "synonyms": [
                "nika",
                "\u041d\u0438\u043a\u0430",
                "\u041d\u0438\u043a\u0435",
                "\u041d\u0438\u043a\u0443",
                "\u043d\u0438\u043a\u0430",
                "\u043d\u0438\u043a\u0435",
                "\u043d\u0438\u043a\u0438"
            ]
        },
        {
            "keyword": "\u041f\u0440\u0438\u043c\u0435\u0440",
            "synonyms": [
                "\u041f\u0440\u0438\u043c\u0435\u0440",
                "\u043f\u0440\u0438\u043c\u0435\u0440\u0435"
            ]
        },
        {
            "keyword": "\u0420\u043e\u0441\u0441\u0438\u044f",
            "synonyms": [
                "\u0420\u043e\u0441\u0441\u0438\u044f",
                "\u0440\u043e\u0441\u0441\u0438\u0438"
            ]
        },
        {
            "keyword": "\u0431\u0430\u0440\u0430\u0431\u0443\u043b\u044c\u043a\u0430",
            "synonyms": [
                "\u0431\u0430\u0440\u0430\u0431\u0443\u043b\u044c\u043a\u0430"
            ]
        },
        {
            "keyword": "\u0432\u043e\u0440\u043e\u0431\u0443\u0448\u0435\u043a",
            "synonyms": [
                "\u0432\u043e\u0440\u043e\u0431\u0443\u0448\u0435\u043a"
            ]
        },
        {
            "keyword": "\u0432\u0442\u043e\u0440\u043e\u0439 \u043b\u0430\u0431\u0435",
            "synonyms": [
                "\u0432\u0442\u043e\u0440\u043e\u0439 \u043b\u0430\u0431\u0435"
            ]
        },
        {
            "keyword": "\u0432\u0442\u043e\u0440\u043e\u0439 \u043b\u0430\u0431\u043e\u0440\u0430\u0442\u043e\u0440\u043d\u043e\u0439 \u0440\u0430\u0431\u043e\u0442\u0435",
            "synonyms": [
                "\u0432\u0442\u043e\u0440\u043e\u0439 \u043b\u0430\u0431\u043e\u0440\u0430\u0442\u043e\u0440\u043d\u043e\u0439 \u0440\u0430\u0431\u043e\u0442\u0435"
            ]
        },
        {
            "keyword": "\u0432\u0442\u043e\u0440\u043e\u0439 \u043b\u0430\u0431\u044b",
            "synonyms": [
                "\u0432\u0442\u043e\u0440\u043e\u0439 \u043b\u0430\u0431\u044b"
            ]
        },
        {
            "keyword": "\u0432\u0442\u043e\u0440\u0443\u044e \u043b\u0430\u0431\u0443",
            "synonyms": [
                "\u0432\u0442\u043e\u0440\u0443\u044e \u043b\u0430\u0431\u0443"
            ]
        },
        {
            "keyword": "\u0432\u0442\u043e\u0440\u0443\u044e \u043b\u0440",
            "synonyms": [
                "\u0432\u0442\u043e\u0440\u0443\u044e \u043b\u0440"
            ]
        },
        {
            "keyword": "\u0433\u0430\u0432\u0430\u0439\u0441\u043a\u0430\u044f \u043f\u0438\u0446\u0446\u0430",
            "synonyms": [
                "\u0433\u0430\u0432\u0430\u0439\u0441\u043a\u0430\u044f \u043f\u0438\u0446\u0446\u0430"
            ]
        },
        {
            "keyword": "\u0433\u0435\u043e\u043c\u0435\u0442\u0440\u0438\u044f",
            "synonyms": [
                "\u0433\u0435\u043e\u043c\u0435\u0442\u0440\u0438\u044f"
            ]
        },
        {
            "keyword": "\u0433\u043e\u0440\u043e\u0434",
            "synonyms": [
                "\u0433\u043e\u0440\u043e\u0434"
            ]
        },
        {
            "keyword": "\u0434\u0432\u0435\u0440\u044c",
            "synonyms": [
                "\u0434\u0432\u0435\u0440\u044c"
            ]
        },
        {
            "keyword": "\u0438\u0434\u0435\u043d\u0442\u0438\u0444\u0438\u043a\u0430\u0442\u043e\u0440",
            "synonyms": [
                "\u0438\u0434\u0435\u043d\u0442\u0438\u0444\u0438\u043a\u0430\u0442\u043e\u0440"
            ]
        },
        {
            "keyword": "\u043a\u0430\u0441\u043a\u0430",
            "synonyms": [
                "\u043a\u0430\u0441\u043a\u0430"
            ]
        },
        {
            "keyword": "\u043a\u0438\u043c\u043e\u043d\u043e",
            "synonyms": [
                "\u043a\u0438\u043c\u043e\u043d\u043e"
            ]
        },
        {
            "keyword": "\u043a\u043e\u0440\u0430\u0431\u043b\u044c",
            "synonyms": [
                "\u043a\u043e\u0440\u0430\u0431\u043b\u044c"
            ]
        },
        {
            "keyword": "\u043a\u0440\u043e\u0432\u0430\u0442\u043a\u0430",
            "synonyms": [
                "\u043a\u0440\u043e\u0432\u0430\u0442\u043a\u0430"
            ]
        },
        {
            "keyword": "\u043a\u0440\u043e\u0432\u0430\u0442\u044c",
            "synonyms": [
                "\u043a\u0440\u043e\u0432\u0430\u0442\u044c"
            ]
        },
        {
            "keyword": "\u043b\u0430\u0431\u0435 1",
            "synonyms": [
                "\u043b\u0430\u0431\u0435 1"
            ]
        },
        {
            "keyword": "\u043b\u0430\u0431\u0435 2",
            "synonyms": [
                "\u043b\u0430\u0431\u0435 2"
            ]
        },
        {
            "keyword": "\u043b\u0430\u0431\u0435 3",
            "synonyms": [
                "\u043b\u0430\u0431\u0435 3"
            ]
        },
        {
            "keyword": "\u043b\u0430\u0431\u0435 4",
            "synonyms": [
                "\u043b\u0430\u0431\u0435 4"
            ]
        },
        {
            "keyword": "\u043b\u0430\u0431\u043e\u0440\u0430\u0442\u043e\u0440\u043d\u043e\u0439 \u0440\u0430\u0431\u043e\u0442\u0435 \u21161",
            "synonyms": [
                "\u043b\u0430\u0431\u043e\u0440\u0430\u0442\u043e\u0440\u043d\u043e\u0439 \u0440\u0430\u0431\u043e\u0442\u0435 \u21161"
            ]
        },
        {
            "keyword": "\u043b\u0430\u0431\u043e\u0440\u0430\u0442\u043e\u0440\u043d\u043e\u0439 \u0440\u0430\u0431\u043e\u0442\u0435 \u21163",
            "synonyms": [
                "\u043b\u0430\u0431\u043e\u0440\u0430\u0442\u043e\u0440\u043d\u043e\u0439 \u0440\u0430\u0431\u043e\u0442\u0435 \u21163"
            ]
        },
        {
            "keyword": "\u043b\u0430\u0431\u043e\u0440\u0430\u0442\u043e\u0440\u043d\u043e\u0439 \u21161",
            "synonyms": [
                "\u043b\u0430\u0431\u043e\u0440\u0430\u0442\u043e\u0440\u043d\u043e\u0439 \u21161"
            ]
        },
        {
            "keyword": "\u043c\u0430\u0442\u0435\u043c\u0430\u0442\u0438\u043a\u0430",
            "synonyms": [
                "\u043c\u0430\u0442\u0435\u043c\u0430\u0442\u0438\u043a\u0430"
            ]
        },
        {
            "keyword": "\u043c\u0430\u0448\u0438\u043d\u0430",
            "synonyms": [
                "\u043c\u0430\u0448\u0438\u043d\u0430"
            ]
        },
        {
            "keyword": "\u043d\u0430\u0443\u043a\u0430",
            "synonyms": [
                "\u043d\u0430\u0443\u043a\u0430"
            ]
        },
        {
            "keyword": "\u043d\u0438\u043a\u0430",
            "synonyms": [
                "\u043d\u0438\u043a\u0430"
            ]
        },
        {
            "keyword": "\u043d\u0438\u043a\u0435",
            "synonyms": [
                "\u043d\u0438\u043a\u0435"
            ]
        },
        {
            "keyword": "\u043e\u0434\u0438\u043d\u043d\u0430\u0434\u0446\u0430\u0442\u044c",
            "synonyms": [
                "\u043e\u0434\u0438\u043d\u043d\u0430\u0434\u0446\u0430\u0442\u044c"
            ]
        },
        {
            "keyword": "\u043e\u0441\u043d\u043e\u0432\u043d\u0430\u044f \u0447\u0430\u0441\u0442\u044c",
            "synonyms": [
                "\u043e\u0441\u043d\u043e\u0432\u043d\u0430\u044f \u0447\u0430\u0441\u0442\u044c"
            ]
        },
        {
            "keyword": "\u043f\u0435\u0440\u0432\u043e\u0439 \u043b\u0430\u0431",
            "synonyms": [
                "\u043f\u0435\u0440\u0432\u043e\u0439 \u043b\u0430\u0431"
            ]
        },
        {
            "keyword": "\u043f\u0435\u0440\u0432\u043e\u0439 \u043b\u0430\u0431\u0435",
            "synonyms": [
                "\u043f\u0435\u0440\u0432\u043e\u0439 \u043b\u0430\u0431\u0435"
            ]
        },
        {
            "keyword": "\u043f\u0435\u0440\u0432\u043e\u0439 \u043b\u0430\u0431\u0435",
            "synonyms": [
                "\u043f\u0435\u0440\u0432\u043e\u0439 \u043b\u0430\u0431\u0435"
            ]
        },
        {
            "keyword": "\u043f\u0435\u0440\u0432\u043e\u0439 \u043b\u0430\u0431\u043e\u0440\u0430\u0442\u043e\u0440\u043d\u043e\u0439",
            "synonyms": [
                "\u043f\u0435\u0440\u0432\u043e\u0439 \u043b\u0430\u0431\u043e\u0440\u0430\u0442\u043e\u0440\u043d\u043e\u0439"
            ]
        },
        {
            "keyword": "\u043f\u0435\u0440\u0432\u043e\u0439 \u043b\u0430\u0431\u044b",
            "synonyms": [
                "\u043f\u0435\u0440\u0432\u043e\u0439 \u043b\u0430\u0431\u044b"
            ]
        },
        {
            "keyword": "\u043f\u0435\u0440\u0432\u0443\u044e \u043b\u0430\u0431\u043e\u0440\u0430\u0442\u043e\u0440\u043d\u0443\u044e",
            "synonyms": [
                "\u043f\u0435\u0440\u0432\u0443\u044e \u043b\u0430\u0431\u043e\u0440\u0430\u0442\u043e\u0440\u043d\u0443\u044e"
            ]
        },
        {
            "keyword": "\u043f\u0435\u0440\u0432\u0443\u044e \u043b\u0430\u0431\u0443",
            "synonyms": [
                "\u043f\u0435\u0440\u0432\u0443\u044e \u043b\u0430\u0431\u0443"
            ]
        },
        {
            "keyword": "\u043f\u0435\u0440\u0432\u0443\u044e \u043b\u0440",
            "synonyms": [
                "\u043f\u0435\u0440\u0432\u0443\u044e \u043b\u0440"
            ]
        },
        {
            "keyword": "\u043f\u0438\u043f\u0438\u0434\u0430\u0441\u0442\u0440",
            "synonyms": [
                "\u043f\u0438\u043f\u0438\u0434\u0430\u0441\u0442\u0440"
            ]
        },
        {
            "keyword": "\u043f\u0438\u0446\u0446\u0430 \u043a\u0430\u043f\u0440\u0438\u0447\u043e\u0437\u0430",
            "synonyms": [
                "\u043f\u0438\u0446\u0446\u0430 \u043a\u0430\u043f\u0440\u0438\u0447\u043e\u0437\u0430"
            ]
        },
        {
            "keyword": "\u043f\u0438\u0446\u0446\u0430 \u043e\u0445\u043e\u0442\u043d\u0438\u0447\u044c\u044f",
            "synonyms": [
                "\u043f\u0438\u0446\u0446\u0430 \u043e\u0445\u043e\u0442\u043d\u0438\u0447\u044c\u044f"
            ]
        },
        {
            "keyword": "\u043f\u0438\u0446\u0446\u0430 \u043f\u0435\u043f\u0435\u0440\u043e\u043d\u043d\u0438",
            "synonyms": [
                "\u043f\u0438\u0446\u0446\u0430 \u043f\u0435\u043f\u0435\u0440\u043e\u043d\u043d\u0438"
            ]
        },
        {
            "keyword": "\u043f\u0438\u0446\u0446\u0430 \u0447\u0435\u0442\u044b\u0440\u0435 \u0441\u044b\u0440\u0430",
            "synonyms": [
                "\u043f\u0438\u0446\u0446\u0430 \u0447\u0435\u0442\u044b\u0440\u0435 \u0441\u044b\u0440\u0430"
            ]
        },
        {
            "keyword": "\u043f\u043e\u043c\u0438\u0434\u043e\u0440",
            "synonyms": [
                "\u043f\u043e\u043c\u0438\u0434\u043e\u0440"
            ]
        },
        {
            "keyword": "\u043f\u0440\u0430\u0432\u0434\u0430",
            "synonyms": [
                "\u043f\u0440\u0430\u0432\u0434\u0430"
            ]
        },
        {
            "keyword": "\u043f\u0440\u0438\u043c\u0435\u0440\u0435",
            "synonyms": [
                "\u043f\u0440\u0438\u043c\u0435\u0440\u0435"
            ]
        },
        {
            "keyword": "\u043f\u0442\u0438\u0446\u0430",
            "synonyms": [
                "\u043f\u0442\u0438\u0446\u0430"
            ]
        },
        {
            "keyword": "\u0440\u0430\u0434\u0443\u0433\u0430",
            "synonyms": [
                "\u0440\u0430\u0434\u0443\u0433\u0430"
            ]
        },
        {
            "keyword": "\u0440\u0435\u0447\u044c",
            "synonyms": [
                "\u0440\u0435\u0447\u044c"
            ]
        },
        {
            "keyword": "\u0441\u043e\u043e\u0431\u0449\u0435\u043d\u0438\u0435",
            "synonyms": [
                "\u0441\u043e\u043e\u0431\u0449\u0435\u043d\u0438\u0435"
            ]
        },
        {
            "keyword": "\u0441\u0442\u0440\u0435\u043b\u043a\u0430",
            "synonyms": [
                "\u0441\u0442\u0440\u0435\u043b\u043a\u0430"
            ]
        },
        {
            "keyword": "\u0441\u0443\u0449\u043d\u043e\u0441\u0442\u044c",
            "synonyms": [
                "\u0441\u0443\u0449\u043d\u043e\u0441\u0442\u044c"
            ]
        },
        {
            "keyword": "\u0442\u0435\u043e\u0440\u0435\u043c\u0430 \u041f\u0438\u0444\u0430\u0433\u043e\u0440\u0430",
            "synonyms": [
                "\u0442\u0435\u043e\u0440\u0435\u043c\u0430 \u041f\u0438\u0444\u0430\u0433\u043e\u0440\u0430"
            ]
        },
        {
            "keyword": "\u0442\u0440\u0435\u0442\u044c\u0435\u0439 \u043b\u0430\u0431\u0435",
            "synonyms": [
                "\u0442\u0440\u0435\u0442\u044c\u0435\u0439 \u043b\u0430\u0431\u0435"
            ]
        },
        {
            "keyword": "\u0442\u0440\u0435\u0442\u044c\u0435\u0439 \u043b\u0430\u0431\u043e\u0440\u0430\u0442\u043e\u0440\u043d\u043e\u0439 \u0440\u0430\u0431\u043e\u0442\u044b",
            "synonyms": [
                "\u0442\u0440\u0435\u0442\u044c\u0435\u0439 \u043b\u0430\u0431\u043e\u0440\u0430\u0442\u043e\u0440\u043d\u043e\u0439 \u0440\u0430\u0431\u043e\u0442\u044b"
            ]
        },
        {
            "keyword": "\u0442\u0440\u0435\u0442\u044c\u0435\u0439 \u043b\u0430\u0431\u044b",
            "synonyms": [
                "\u0442\u0440\u0435\u0442\u044c\u0435\u0439 \u043b\u0430\u0431\u044b"
            ]
        },
        {
            "keyword": "\u0442\u0440\u0435\u0442\u044c\u044e \u043b\u0430\u0431\u0443",
            "synonyms": [
                "\u0442\u0440\u0435\u0442\u044c\u044e \u043b\u0430\u0431\u0443"
            ]
        },
        {
            "keyword": "\u0442\u0440\u0435\u0442\u044c\u044e \u043b\u0440",
            "synonyms": [
                "\u0442\u0440\u0435\u0442\u044c\u044e \u043b\u0440"
            ]
        },
        {
            "keyword": "\u0442\u0440\u0435\u0443\u0433\u043e\u043b\u044c\u043d\u0438\u043a",
            "synonyms": [
                "\u0442\u0440\u0435\u0443\u0433\u043e\u043b\u044c\u043d\u0438\u043a"
            ]
        },
        {
            "keyword": "\u0443\u0433\u043e\u043b",
            "synonyms": [
                "\u0443\u0433\u043e\u043b"
            ]
        },
        {
            "keyword": "\u0443\u0447\u0438\u0442\u0435\u043b\u044c",
            "synonyms": [
                "\u0443\u0447\u0438\u0442\u0435\u043b\u044c"
            ]
        },
        {
            "keyword": "\u0444\u0443\u0442\u0435\u0440",
            "synonyms": [
                "\u0444\u0443\u0442\u0435\u0440"
            ]
        },
        {
            "keyword": "\u0445\u0435\u0434\u0435\u0440",
            "synonyms": [
                "\u0445\u0435\u0434\u0435\u0440"
            ]
        },
        {
            "keyword": "\u0447\u0435\u0442\u0432\u0435\u0440\u0442\u043e\u0439 \u043b\u0430\u0431\u0435",
            "synonyms": [
                "\u0447\u0435\u0442\u0432\u0435\u0440\u0442\u043e\u0439 \u043b\u0430\u0431\u0435"
            ]
        },
        {
            "keyword": "\u0447\u0435\u0442\u0432\u0435\u0440\u0442\u043e\u0439 \u043b\u0430\u0431\u043e\u0440\u0430\u0442\u043e\u0440\u043d\u043e\u0439 \u0440\u0430\u0431\u043e\u0442\u044b",
            "synonyms": [
                "\u0447\u0435\u0442\u0432\u0435\u0440\u0442\u043e\u0439 \u043b\u0430\u0431\u043e\u0440\u0430\u0442\u043e\u0440\u043d\u043e\u0439 \u0440\u0430\u0431\u043e\u0442\u044b"
            ]
        },
        {
            "keyword": "\u0447\u0435\u0442\u0432\u0435\u0440\u0442\u0443\u044e \u043b\u0430\u0431\u0443",
            "synonyms": [
                "\u0447\u0435\u0442\u0432\u0435\u0440\u0442\u0443\u044e \u043b\u0430\u0431\u0443"
            ]
        },
        {
            "keyword": "\u0447\u0435\u0442\u0432\u0435\u0440\u0442\u0443\u044e \u043b\u0440",
            "synonyms": [
                "\u0447\u0435\u0442\u0432\u0435\u0440\u0442\u0443\u044e \u043b\u0440"
            ]
        }
    ]
}
